,r,dataset_word
P_2_first,0.0114116993342993,baseset_withdroped_first
D_42_first,0.0064020570258108,baseset_withdroped_first
D_53_first,0.0054105880173888,baseset_withdroped_first
B_17_first,0.0049943889391281,baseset_withdroped_first
D_46_first,0.0041663488881383,baseset_withdroped_first
S_3_first,0.0019132083283396,baseset_withdroped_first
D_50_first,0.0017933604262227,baseset_withdroped_first
D_43_first,0.0014817558807186,baseset_withdroped_first
R_3_first,0.0007278036237647,baseset_withdroped_first
B_8_first,0.0007256245709989,baseset_withdroped_first
S_9_std_first,0.0007256245709989,baseset_withdroped_first
D_132_first,0.000697296885044,baseset_withdroped_first
B_5_first,0.0006580739352603,baseset_withdroped_first
B_3_first,0.0006471786714315,baseset_withdroped_first
S_7_first,0.0006406415131342,baseset_withdroped_first
D_56_cen_first,0.0006210300382423,baseset_withdroped_first
R_27_first,0.000614492879945,baseset_withdroped_first
D_49_first,0.0005621956135668,baseset_withdroped_first
D_52_first,0.0005578375080352,baseset_withdroped_first
D_76_first,0.0005534794025037,baseset_withdroped_first
D_112_first,0.0005382260331434,baseset_withdroped_first
P_3_first,0.0005338679276118,baseset_withdroped_first
D_111_first,0.0005142564527199,baseset_withdroped_first
S_9_first,0.0005033611888912,baseset_withdroped_first
D_48_first,0.0004924659250623,baseset_withdroped_first
D_77_first,0.000477212555702,baseset_withdroped_first
D_61_first,0.0004488848697471,baseset_withdroped_first
D_41_first,0.0004009457089003,baseset_withdroped_first
D_121_first,0.0003987666561345,baseset_withdroped_first
B_2_first,0.0003835132867742,baseset_withdroped_first
D_47_first,0.0003747970757111,baseset_withdroped_first
B_29_first,0.0003726180229454,baseset_withdroped_first
S_26_first,0.0003704389701796,baseset_withdroped_first
P_4_first,0.0003595437063508,baseset_withdroped_first
D_44_first,0.0003595437063508,baseset_withdroped_first
D_118_first,0.0003508274952878,baseset_withdroped_first
B_37_first,0.000320320756567,baseset_withdroped_first
D_62_first,0.0003137835982698,baseset_withdroped_first
P_2_last,0.0152925923101227,baseset_withdroped_last
D_42_last,0.0022204547683121,baseset_withdroped_last
D_46_last,0.0019872961223755,baseset_withdroped_last
B_4_last,0.0016037828356013,baseset_withdroped_last
B_37_last,0.0015079045139077,baseset_withdroped_last
D_39_last,0.0011832256518091,baseset_withdroped_last
D_50_last,0.001128749332665,baseset_withdroped_last
D_44_last,0.0010350500637372,baseset_withdroped_last
R_3_last,0.0010045433250165,baseset_withdroped_last
D_43_last,0.0009936480611877,baseset_withdroped_last
B_5_last,0.0009740365862958,baseset_withdroped_last
D_48_last,0.0007866380484402,baseset_withdroped_last
B_2_last,0.0007408779403592,baseset_withdroped_last
S_3_last,0.0007299826765304,baseset_withdroped_last
D_56_cen_last,0.0005709118246297,baseset_withdroped_last
B_3_last,0.0005447631914406,baseset_withdroped_last
D_41_last,0.0005295098220803,baseset_withdroped_last
R_1_last,0.0004532429752786,baseset_withdroped_last
D_47_last,0.000440168658684,baseset_withdroped_last
D_49_last,0.0004140200254948,baseset_withdroped_last
B_8_last,0.0004140200254948,baseset_withdroped_last
D_45_last,0.0004053038144318,baseset_withdroped_last
R_27_last,0.0003944085506029,baseset_withdroped_last
S_9_std_last,0.0003900504450714,baseset_withdroped_last
D_62_last,0.0003900504450714,baseset_withdroped_last
B_11_last,0.0003835132867741,baseset_withdroped_last
D_132_last,0.0003813342340084,baseset_withdroped_last
B_16_last,0.0003791551812426,baseset_withdroped_last
D_112_last,0.0003639018118823,baseset_withdroped_last
D_56_last,0.000357364653585,baseset_withdroped_last
B_20_last,0.0003508274952877,baseset_withdroped_last
D_142_last,0.000348648442522,baseset_withdroped_last
B_7_last,0.0003399322314589,baseset_withdroped_last
B_9_last,0.0003094254927382,baseset_withdroped_last
D_54_last,0.0003007092816752,baseset_withdroped_last
S_9_last,0.0002919930706121,baseset_withdroped_last
D_52_last,0.0002898140178463,baseset_withdroped_last
D_121_last,0.0002810978067833,baseset_withdroped_last
P_2_mean,0.0098798252399681,baseset_withdroped_mean
D_46_mean,0.0035671093775535,baseset_withdroped_mean
B_2_mean,0.0033317716788511,baseset_withdroped_mean
B_5_mean,0.0023206911955372,baseset_withdroped_mean
D_65_mean,0.0022749310874562,baseset_withdroped_mean
D_42_mean,0.0019371779087629,baseset_withdroped_mean
D_39_mean,0.0014882930390158,baseset_withdroped_mean
D_50_mean,0.0012812830262684,baseset_withdroped_mean
B_4_mean,0.0010720939607552,baseset_withdroped_mean
B_37_mean,0.001037229116503,baseset_withdroped_mean
R_2_mean,0.0009892899556562,baseset_withdroped_mean
B_17_mean,0.0009653203752328,baseset_withdroped_mean
D_44_mean,0.0009348136365121,baseset_withdroped_mean
B_22_mean,0.0009064859505572,baseset_withdroped_mean
R_1_mean,0.0008868744756653,baseset_withdroped_mean
S_3_mean,0.0008825163701338,baseset_withdroped_mean
B_16_mean,0.0008781582646023,baseset_withdroped_mean
R_3_mean,0.0006776854101521,baseset_withdroped_mean
P_3_mean,0.0006776854101521,baseset_withdroped_mean
D_132_mean,0.0006711482518548,baseset_withdroped_mean
B_7_mean,0.0006079557216477,baseset_withdroped_mean
S_25_mean,0.000568732771864,baseset_withdroped_mean
D_41_mean,0.0005600165608009,baseset_withdroped_mean
D_49_mean,0.000494644977828,baseset_withdroped_mean
D_47_mean,0.0004902868722965,baseset_withdroped_mean
D_54_mean,0.0004837497139992,baseset_withdroped_mean
D_51_mean,0.0004706753974047,baseset_withdroped_mean
D_43_mean,0.0004619591863416,baseset_withdroped_mean
S_9_std_mean,0.000440168658684,baseset_withdroped_mean
B_8_mean,0.0004292733948551,baseset_withdroped_mean
B_11_mean,0.0004053038144318,baseset_withdroped_mean
D_112_mean,0.0004053038144318,baseset_withdroped_mean
B_3_mean,0.0003944085506029,baseset_withdroped_mean
B_20_mean,0.0003726180229453,baseset_withdroped_mean
D_128_mean,0.0003726180229453,baseset_withdroped_mean
S_26_mean,0.0003530065480535,baseset_withdroped_mean
S_5_mean,0.0003530065480535,baseset_withdroped_mean
D_56_cen_mean,0.0003508274952877,baseset_withdroped_mean
B_3_std,0.0043384940566336,baseset_withdroped_std
B_5_std,0.0032402514626892,baseset_withdroped_std
D_39_std,0.0024775829946722,baseset_withdroped_std
D_44_std,0.002268393929159,baseset_withdroped_std
B_4_std,0.0019284616977,baseset_withdroped_std
R_1_std,0.0018042556900515,baseset_withdroped_std
D_50_std,0.0018020766372858,baseset_withdroped_std
D_42_std,0.0014316376671061,baseset_withdroped_std
B_17_std,0.0009108440560888,baseset_withdroped_std
D_65_std,0.0007975333122691,baseset_withdroped_std
B_2_std,0.000688580673981,baseset_withdroped_std
D_43_std,0.0006733273046207,baseset_withdroped_std
S_5_std_last,0.0006341043548369,baseset_withdroped_std
R_16_std,0.0006297462493054,baseset_withdroped_std
B_20_std,0.0006035976161163,baseset_withdroped_std
R_3_std,0.000597060457819,baseset_withdroped_std
R_10_std,0.0005534794025037,baseset_withdroped_std
D_59_Q50cen_std,0.0005491212969722,baseset_withdroped_std
D_127_std,0.0005251517165488,baseset_withdroped_std
S_23_std,0.0004924659250624,baseset_withdroped_std
S_26_std,0.0004859287667651,baseset_withdroped_std
D_60_std,0.0004532429752787,baseset_withdroped_std
D_62_std,0.0004249152893238,baseset_withdroped_std
B_10_std,0.0004249152893237,baseset_withdroped_std
S_25_std,0.0004161990782607,baseset_withdroped_std
D_45_std,0.0004140200254949,baseset_withdroped_std
B_6_std,0.0004118409727291,baseset_withdroped_std
B_23_std,0.0004053038144319,baseset_withdroped_std
B_12_std,0.0003878713923058,baseset_withdroped_std
D_55_cen_std,0.0003791551812427,baseset_withdroped_std
D_41_std,0.0003639018118824,baseset_withdroped_std
D_115_std,0.0003595437063508,baseset_withdroped_std
D_123_std,0.0003530065480536,baseset_withdroped_std
S_3_std,0.0003464693897563,baseset_withdroped_std
D_144_std,0.0003333950731617,baseset_withdroped_std
B_9_std,0.000294172123378,baseset_withdroped_std
D_56_cen_std,0.0002876349650807,baseset_withdroped_std
D_51_std,0.0002832768595492,baseset_withdroped_std
D_76_std_mean,0.0002723815957203,baseset_withdroped_std
B_26_std,0.0002593072791257,baseset_withdroped_std
D_70_std,0.0002331586459366,baseset_withdroped_std
D_112_std,0.0002331586459366,baseset_withdroped_std
B_8_lag1_prop,0.0034625148447969,single_lagset__lag1
D_44_lag1_prop,0.0034232918950132,single_lagset__lag1
D_48_lag1_prop,0.003305623045662,single_lagset__lag1
D_43_lag1_sub,0.0026388328993386,single_lagset__lag1
P_2_lag1_prop,0.0015296950415654,single_lagset__lag1
D_61_lag1_prop,0.001505725461142,single_lagset__lag1
D_43_lag1_prop,0.0014054890339169,single_lagset__lag1
B_9_lag1_prop,0.001257313445845,single_lagset__lag1
D_44_lag1_sub,0.0012224486015929,single_lagset__lag1
R_27_lag1_prop,0.0011374655437281,single_lagset__lag1
D_112_lag1_prop,0.0011156750160705,single_lagset__lag1
B_33_lag1_prop,0.0010764520662867,single_lagset__lag1
D_55_lag1_prop,0.001000185219485,single_lagset__lag1
B_11_lag1_prop,0.0009783946918274,single_lagset__lag1
B_17_lag1_prop,0.0009783946918274,single_lagset__lag1
B_4_lag1_prop,0.0009478879531067,single_lagset__lag1
B_4_lag1_sub,0.0008890535284311,single_lagset__lag1
D_39_lag1_sub,0.0008672630007735,single_lagset__lag1
B_17_lag1_sub,0.000862904895242,single_lagset__lag1
D_50_lag1_prop,0.0008454724731159,single_lagset__lag1
R_1_lag1_sub,0.0007931752067376,single_lagset__lag1
S_25_lag1_prop,0.0006820435156837,single_lagset__lag1
B_3_lag1_sub,0.0006711482518549,single_lagset__lag1
D_75_lag1_prop,0.0006646110935576,single_lagset__lag1
D_55_lag1_sub,0.0005883442467559,single_lagset__lag1
B_9_lag1_sub,0.0005839861412244,single_lagset__lag1
D_130_lag1_prop,0.0005578375080352,single_lagset__lag1
D_54_lag1_prop,0.0005469422442064,single_lagset__lag1
R_1_lag1_prop,0.0005469422442064,single_lagset__lag1
B_5_lag1_sub,0.0005011821361253,single_lagset__lag1
R_9_std_lag1_sub,0.0004946449778281,single_lagset__lag1
B_14_lag1_prop,0.0004597801335759,single_lagset__lag1
D_45_lag1_prop,0.0004510639225128,single_lagset__lag1
S_26_lag1_sub,0.0003965876033687,single_lagset__lag1
D_131_lag1_prop,0.0003900504450715,single_lagset__lag1
D_51_lag1_prop,0.0003878713923057,single_lagset__lag1
R_6_lag1_sub,0.0003878713923057,single_lagset__lag1
S_8_std_lag1_prop,0.0003813342340084,single_lagset__lag1
P_3_lag1_prop,0.0003726180229454,single_lagset__lag1
B_23_lag1_sub,0.000357364653585,single_lagset__lag1
D_52_lag1_prop,0.0003464693897562,single_lagset__lag1
B_16_lag1_prop,0.0003333950731616,single_lagset__lag1
B_22_lag1_prop,0.0003246788620986,single_lagset__lag1
D_47_lag1_prop,0.0003203207565671,single_lagset__lag1
B_37_lag1_prop,0.0003181417038013,single_lagset__lag1
S_23_lag1_sub,0.0003137835982698,single_lagset__lag1
D_76_std_lag1_sub,0.0003137835982698,single_lagset__lag1
B_1_lag1_prop,0.0002919930706121,single_lagset__lag1
R_9_std_lag1_prop,0.0002854559123149,single_lagset__lag1
D_56_cen_lag1_prop,0.0002810978067833,single_lagset__lag1
D_41_lag1_sub,0.0002702025429545,single_lagset__lag1
D_58_lag1_prop,0.0002527701208284,single_lagset__lag1
D_76_std_lag1_prop,0.0002440539097654,single_lagset__lag1
B_11_lag1_sub,0.0002375167514681,single_lagset__lag1
R_3_lag1_prop,0.000228800540405,single_lagset__lag1
D_56_lag1_sub,0.0002179052765762,single_lagset__lag1
D_105_lag1_sub,0.0002157262238104,single_lagset__lag1
D_79_lag1_prop,0.0002070100127474,single_lagset__lag1
B_28_lag1_prop,0.0002004728544501,single_lagset__lag1
D_55_cen_lag1_prop,0.0001961147489186,single_lagset__lag1
B_2_lag1_sub,0.0001939356961528,single_lagset__lag1
D_74_lag1_prop,0.0001873985378555,single_lagset__lag1
D_39_lag1_prop,0.0001852194850898,single_lagset__lag1
B_7_lag1_sub,0.000183040432324,single_lagset__lag1
D_55_cen_lag1_sub,0.0001808613795582,single_lagset__lag1
D_59_Q50cen_lag1_sub,0.0001808613795582,single_lagset__lag1
P_2_lag3_prop,0.0027673970125186,single_lagset__lag3
B_3_lag3_sub,0.0017127354738895,single_lagset__lag3
D_39_lag3_sub,0.001680049682403,single_lagset__lag3
D_44_lag3_sub,0.001422921456043,single_lagset__lag3
D_43_lag3_sub,0.0014098471394484,single_lagset__lag3
B_8_lag3_prop,0.001377161347962,single_lagset__lag3
B_4_lag3_sub,0.0012638506041424,single_lagset__lag3
R_27_lag3_prop,0.0011810465990434,single_lagset__lag3
B_17_lag3_prop,0.0010786311190525,single_lagset__lag3
D_41_lag3_sub,0.0010590196441606,single_lagset__lag3
S_26_lag3_sub,0.0010437662748003,single_lagset__lag3
R_1_lag3_sub,0.0009435298475752,single_lagset__lag3
D_55_cen_lag3_prop,0.0009326345837464,single_lagset__lag3
D_44_lag3_prop,0.0008454724731159,single_lagset__lag3
D_50_lag3_prop,0.0007888171012061,single_lagset__lag3
S_3_lag3_sub,0.0007103712016386,single_lagset__lag3
B_9_lag3_prop,0.0006776854101522,single_lagset__lag3
B_17_lag3_sub,0.0005774489829271,single_lagset__lag3
D_48_lag3_prop,0.0005709118246298,single_lagset__lag3
D_55_lag3_sub,0.0005491212969721,single_lagset__lag3
D_45_lag3_prop,0.0004859287667651,single_lagset__lag3
S_23_lag3_sub,0.0004837497139993,single_lagset__lag3
B_5_lag3_sub,0.000477212555702,single_lagset__lag3
D_144_lag3_sub,0.0004750335029362,single_lagset__lag3
B_9_lag3_sub,0.0004706753974047,single_lagset__lag3
B_14_lag3_prop,0.0004684963446389,single_lagset__lag3
P_2_lag3_sub,0.0004358105531525,single_lagset__lag3
R_6_lag3_sub,0.0004249152893237,single_lagset__lag3
D_61_lag3_prop,0.0004140200254949,single_lagset__lag3
D_43_lag3_prop,0.0003682599174138,single_lagset__lag3
B_21_lag3_sub,0.0003660808646481,single_lagset__lag3
B_20_lag3_sub,0.0003530065480535,single_lagset__lag3
D_51_lag3_prop,0.0003399322314589,single_lagset__lag3
S_8_std_lag3_prop,0.0003224998093328,single_lagset__lag3
B_4_lag3_prop,0.0002963511761437,single_lagset__lag3
D_55_cen_lag3_sub,0.0002963511761437,single_lagset__lag3
B_22_lag3_prop,0.0002898140178464,single_lagset__lag3
R_9_std_lag3_sub,0.0002876349650807,single_lagset__lag3
R_3_lag3_sub,0.000274560648486,single_lagset__lag3
P_3_lag3_prop,0.000265844437423,single_lagset__lag3
D_91_lag3_prop,0.0002396958042338,single_lagset__lag3
D_78_lag3_sub,0.0002179052765762,single_lagset__lag3
D_77_lag3_prop,0.0002157262238105,single_lagset__lag3
D_133_lag3_sub,0.0002048309599816,single_lagset__lag3
S_27_lag3_sub,0.0002026519072159,single_lagset__lag3
D_76_std_lag3_sub,0.0001961147489186,single_lagset__lag3
B_25_lag3_prop,0.0001939356961528,single_lagset__lag3
S_9_std_lag3_prop,0.0001873985378556,single_lagset__lag3
D_56_cen_lag3_prop,0.0001786823267925,single_lagset__lag3
B_33_lag3_prop,0.000174324221261,single_lagset__lag3
D_79_lag3_sub,0.0001677870629637,single_lagset__lag3
B_12_lag3_sub,0.0001656080101979,single_lagset__lag3
D_84_lag3_sub,0.0001525336936033,single_lagset__lag3
P_3_lag3_sub,0.0001525336936033,single_lagset__lag3
S_7_lag3_prop,0.0001459965353061,single_lagset__lag3
D_77_lag3_sub,0.000137280324243,single_lagset__lag3
D_47_lag3_prop,0.0001242060076484,single_lagset__lag3
D_91_lag3_sub,0.0001242060076484,single_lagset__lag3
D_131_lag3_prop,0.0001198479021169,single_lagset__lag3
D_119_lag3_sub,0.0001198479021169,single_lagset__lag3
R_12_lag3_prop,0.0001154897965854,single_lagset__lag3
S_25_lag3_prop,0.0001133107438196,single_lagset__lag3
R_7_cen_lag3_sub,0.0001133107438196,single_lagset__lag3
S_9_std_lag3_sub,0.0001111316910539,single_lagset__lag3
D_62_lag3_prop,0.0001067735855223,single_lagset__lag3
D_54_lag3_prop,0.0001067735855223,single_lagset__lag3
D_44_lag6_sub,0.0019720427530152,single_lagset__lag6
P_2_lag6_prop,0.0018783434840874,single_lagset__lag6
B_3_lag6_sub,0.001431637667106,single_lagset__lag6
D_39_lag6_sub,0.0013379383981782,single_lagset__lag6
D_45_lag6_prop,0.0011875837573406,single_lagset__lag6
B_4_lag6_sub,0.0011766884935118,single_lagset__lag6
R_27_lag6_prop,0.0009435298475752,single_lagset__lag6
B_17_lag6_prop,0.0009108440560887,single_lagset__lag6
D_43_lag6_sub,0.0008672630007735,single_lagset__lag6
D_41_lag6_sub,0.0008236819454582,single_lagset__lag6
S_26_lag6_sub,0.0006755063573864,single_lagset__lag6
S_3_lag6_sub,0.0006384624603684,single_lagset__lag6
R_1_lag6_sub,0.0006275671965396,single_lagset__lag6
D_133_lag6_sub,0.000614492879945,single_lagset__lag6
B_5_lag6_sub,0.000577448982927,single_lagset__lag6
B_17_lag6_sub,0.0005578375080352,single_lagset__lag6
D_144_lag6_sub,0.000531688874846,single_lagset__lag6
D_79_lag6_sub,0.0004990030833596,single_lagset__lag6
S_23_lag6_prop,0.0003639018118823,single_lagset__lag6
B_9_lag6_sub,0.0003617227591165,single_lagset__lag6
D_48_lag6_prop,0.000357364653585,single_lagset__lag6
R_3_lag6_sub,0.0003530065480534,single_lagset__lag6
D_44_lag6_prop,0.0003050673872067,single_lagset__lag6
D_59_Q50cen_lag6_sub,0.0003028883344409,single_lagset__lag6
S_25_lag6_sub,0.0002723815957202,single_lagset__lag6
D_50_lag6_prop,0.0002636653846572,single_lagset__lag6
S_23_lag6_sub,0.0002593072791257,single_lagset__lag6
D_55_lag6_sub,0.0002484120152969,single_lagset__lag6
D_47_lag6_prop,0.0002179052765762,single_lagset__lag6
B_14_lag6_prop,0.0002004728544501,single_lagset__lag6
R_6_lag6_sub,0.0001765032740267,single_lagset__lag6
D_61_lag6_prop,0.0001743242212609,single_lagset__lag6
D_65_lag6_sub,0.0001743242212609,single_lagset__lag6
B_15_lag6_sub,0.0001743242212609,single_lagset__lag6
R_9_std_lag6_sub,0.0001699661157294,single_lagset__lag6
S_16_lag6_sub,0.0001329222187114,single_lagset__lag6
D_81_lag6_sub,0.0001220269548826,single_lagset__lag6
D_121_lag6_prop,0.0001198479021168,single_lagset__lag6
S_8_std_lag6_prop,0.0001198479021168,single_lagset__lag6
D_76_std_lag6_sub,0.0001154897965853,single_lagset__lag6
B_22_lag6_prop,0.0001154897965853,single_lagset__lag6
S_5_std_lag6_prop,0.0001133107438196,single_lagset__lag6
D_78_lag6_sub,0.0001111316910538,single_lagset__lag6
D_51_lag6_sub,0.0001024154799907,single_lagset__lag6
D_50_lag6_sub,9.587832169350996e-05,single_lagset__lag6
B_2_lag6_sub,9.587832169348776e-05,single_lagset__lag6
D_71_lag6_sub,9.369926892772716e-05,single_lagset__lag6
B_25_lag6_prop,8.934116339622821e-05,single_lagset__lag6
D_56_cen_lag6_sub,8.716211063046764e-05,single_lagset__lag6
D_77_lag6_prop,8.06249523331859e-05,single_lagset__lag6
B_10_lag6_sub,7.626684680166474e-05,single_lagset__lag6
S_25_lag6_prop,7.408779403588195e-05,single_lagset__lag6
B_26_lag6_sub,6.319253020703464e-05,single_lagset__lag6
B_5_lag6_prop,5.883442467555788e-05,single_lagset__lag6
R_2_lag6_sub,5.66553719097973e-05,single_lagset__lag6
D_105_lag6_prop,5.66553719097973e-05,single_lagset__lag6
R_5_lag6_sub,5.229726637825394e-05,single_lagset__lag6
B_18_lag6_prop,4.7939160846710574e-05,single_lagset__lag6
S_6_lag6_prop,4.5760108080972194e-05,single_lagset__lag6
D_127_lag6_prop,4.5760108080972194e-05,single_lagset__lag6
D_144_lag6_prop,4.3581055315211614e-05,single_lagset__lag6
R_18_lag6_prop,4.140200254945104e-05,single_lagset__lag6
R_8_lag6_sub,4.140200254942883e-05,single_lagset__lag6
B_9_lag6_prop,4.140200254942883e-05,single_lagset__lag6
B_40_lag6_prop,3.922294978366825e-05,single_lagset__lag6
D_96_lag6_sub,3.922294978366825e-05,single_lagset__lag6
D_44_lagf_sub,0.0023620931980867,single_lagset__lagf
D_45_lagf_prop,0.0018325833760064,single_lagset__lagf
B_3_lagf_sub,0.0015950666245382,single_lagset__lagf
P_2_lagf_prop,0.0015079045139077,single_lagset__lagf
R_27_lagf_prop,0.0013074316594575,single_lagset__lagf
B_4_lagf_sub,0.0012311648126558,single_lagset__lagf
D_39_lagf_sub,0.0011854047045748,single_lagset__lagf
B_17_lagf_prop,0.0011483608075569,single_lagset__lagf
B_17_lagf_sub,0.0009936480611877,single_lagset__lagf
D_48_lagf_prop,0.0009130231088545,single_lagset__lagf
D_44_lagf_prop,0.0008454724731159,single_lagset__lagf
D_79_lagf_sub,0.0008236819454582,single_lagset__lagf
D_43_lagf_sub,0.0008127866816294,single_lagset__lagf
D_41_lagf_sub,0.0007713846790799,single_lagset__lagf
D_50_lagf_prop,0.0007561313097196,single_lagset__lagf
S_3_lagf_sub,0.0007321617292962,single_lagset__lagf
S_26_lagf_sub,0.0006733273046206,single_lagset__lagf
B_9_lagf_sub,0.0006493577241972,single_lagset__lagf
B_5_lagf_sub,0.000568732771864,single_lagset__lagf
R_1_lagf_sub,0.0005665537190982,single_lagset__lagf
B_22_lagf_prop,0.0005621956135667,single_lagset__lagf
B_6_lagf_sub,0.0005142564527199,single_lagset__lagf
D_50_lagf_sub,0.0005120773999542,single_lagset__lagf
S_23_lagf_sub,0.0004793916084677,single_lagset__lagf
B_11_lagf_sub,0.0004510639225128,single_lagset__lagf
B_23_lagf_sub,0.0004314524476209,single_lagset__lagf
B_33_lagf_prop,0.0004270943420894,single_lagset__lagf
S_23_lagf_prop,0.0004161990782606,single_lagset__lagf
B_9_lagf_prop,0.0003965876033687,single_lagset__lagf
D_61_lagf_prop,0.000394408550603,single_lagset__lagf
D_51_lagf_sub,0.0003769761284768,single_lagset__lagf
R_3_lagf_sub,0.0003377531786931,single_lagset__lagf
P_2_lagf_sub,0.0003290369676301,single_lagset__lagf
B_12_lagf_sub,0.0003246788620985,single_lagset__lagf
D_55_cen_lagf_prop,0.0003224998093328,single_lagset__lagf
B_16_lagf_prop,0.0003137835982697,single_lagset__lagf
D_112_lagf_prop,0.0002941721233779,single_lagset__lagf
D_77_lagf_prop,0.0002854559123148,single_lagset__lagf
D_144_lagf_sub,0.0002702025429545,single_lagset__lagf
B_19_lagf_sub,0.0002484120152968,single_lagset__lagf
P_3_lagf_prop,0.0002331586459365,single_lagset__lagf
D_133_lagf_sub,0.0002113681182789,single_lagset__lagf
D_62_lagf_sub,0.0002048309599816,single_lagset__lagf
D_43_lagf_prop,0.0002048309599816,single_lagset__lagf
S_25_lagf_sub,0.0002026519072158,single_lagset__lagf
B_2_lagf_prop,0.0001982938016843,single_lagset__lagf
D_78_lagf_sub,0.0001939356961528,single_lagset__lagf
D_127_lagf_sub,0.000191756643387,single_lagset__lagf
B_15_lagf_sub,0.0001808613795582,single_lagset__lagf
D_75_lagf_prop,0.0001786823267925,single_lagset__lagf
B_1_lagf_sub,0.0001786823267925,single_lagset__lagf
D_55_lagf_sub,0.0001765032740267,single_lagset__lagf
B_25_lagf_prop,0.0001721451684952,single_lagset__lagf
B_8_lagf_prop,0.0001677870629636,single_lagset__lagf
D_55_cen_lagf_sub,0.0001677870629636,single_lagset__lagf
B_37_lagf_sub,0.0001656080101979,single_lagset__lagf
D_131_lagf_sub,0.0001634289574321,single_lagset__lagf
D_58_lagf_sub,0.0001634289574321,single_lagset__lagf
D_76_std_lagf_sub,0.0001590708519006,single_lagset__lagf
D_70_lagf_sub,0.0001547127463691,single_lagset__lagf
D_56_cen_lagf_prop,0.0001481755880718,single_lagset__lagf
D_52_lagf_prop,0.0001438174825403,single_lagset__lagf
R_5_lagf_sub,0.0001394593770087,single_lagset__lagf
D_47_lagf_prop,0.000137280324243,single_lagset__lagf
D_58_lagf_prop,0.000137280324243,single_lagset__lagf
D_121_lagf_sub,0.0001351012714772,single_lagset__lagf
P_2_f3avg,0.0085920050554023,avgstatset__f3
P_2_lag_diff_f3avg,0.002240066243204,avgstatset__f3
B_3_lag_diff_f3avg,0.0013706241896647,avgstatset__f3
D_41_lag_diff_f3avg,0.0012377019709531,avgstatset__f3
B_4_lag_diff_f3avg,0.0012159114432955,avgstatset__f3
D_45_f3avg,0.0009914690084219,avgstatset__f3
R_27_f3avg,0.0009871109028904,avgstatset__f3
D_39_lag_diff_f3avg,0.0009413507948094,avgstatset__f3
R_1_lag_diff_f3avg,0.0009304555309806,avgstatset__f3
D_44_f3avg,0.0008149657343952,avgstatset__f3
D_48_f3avg,0.0007016549905755,avgstatset__f3
D_59_Q50cen_lag_diff_f3avg,0.0006297462493054,avgstatset__f3
D_50_f3avg,0.0006275671965396,avgstatset__f3
R_3_f3avg,0.0006188509854766,avgstatset__f3
D_52_f3avg,0.0006014185633504,avgstatset__f3
D_43_f3avg,0.0005948814050531,avgstatset__f3
D_79_lag_diff_f3avg,0.0005600165608009,avgstatset__f3
D_48_lag_diff_f3avg,0.0005578375080352,avgstatset__f3
D_44_lag_diff_f3avg,0.0005360469803775,avgstatset__f3
R_3_lag_diff_f3avg,0.0005098983471884,avgstatset__f3
B_3_f3avg,0.000485928766765,avgstatset__f3
R_1_f3avg,0.0004510639225128,avgstatset__f3
B_9_f3avg,0.0004292733948552,avgstatset__f3
D_51_f3avg,0.000403124761666,avgstatset__f3
B_5_lag_diff_f3avg,0.000403124761666,avgstatset__f3
B_7_f3avg,0.0003835132867742,avgstatset__f3
B_8_f3avg,0.0003639018118823,avgstatset__f3
D_47_f3avg,0.0003377531786931,avgstatset__f3
S_3_f3avg,0.0003094254927382,avgstatset__f3
D_54_lag_diff_f3avg,0.0003094254927382,avgstatset__f3
B_4_f3avg,0.0003007092816752,avgstatset__f3
D_61_f3avg,0.0002919930706121,avgstatset__f3
D_62_f3avg,0.0002396958042338,avgstatset__f3
D_55_cen_lag_diff_f3avg,0.0002353376987023,avgstatset__f3
B_9_lag_diff_f3avg,0.0002353376987023,avgstatset__f3
D_112_lag_diff_f3avg,0.0002309795931707,avgstatset__f3
D_56_cen_f3avg,0.0002048309599816,avgstatset__f3
D_65_lag_diff_f3avg,0.0001982938016843,avgstatset__f3
R_11_lag_diff_f3avg,0.0001939356961528,avgstatset__f3
B_37_f3avg,0.0001895775906213,avgstatset__f3
D_77_f3avg,0.0001873985378555,avgstatset__f3
D_43_lag_diff_f3avg,0.000183040432324,avgstatset__f3
D_144_lag_diff_f3avg,0.0001808613795582,avgstatset__f3
B_5_f3avg,0.0001634289574321,avgstatset__f3
P_3_f3avg,0.0001547127463691,avgstatset__f3
B_14_lag_diff_f3avg,0.0001525336936033,avgstatset__f3
B_1_f3avg,0.000145996535306,avgstatset__f3
B_1_lag_diff_f3avg,0.0001416384297745,avgstatset__f3
R_2_lag_diff_f3avg,0.0001329222187114,avgstatset__f3
D_141_f3avg,0.0001285641131799,avgstatset__f3
B_19_lag_diff_f3avg,0.0001263850604142,avgstatset__f3
D_46_lag_diff_f3avg,0.0001198479021169,avgstatset__f3
D_84_lag_diff_f3avg,0.0001133107438196,avgstatset__f3
R_10_lag_diff_f3avg,0.0001111316910538,avgstatset__f3
S_3_lag_diff_f3avg,0.0001089526382881,avgstatset__f3
D_59_lag_diff_f3avg,0.000108952638288,avgstatset__f3
B_15_lag_diff_f3avg,0.0001067735855223,avgstatset__f3
B_11_lag_diff_f3avg,0.0001067735855223,avgstatset__f3
D_46_f3avg,0.0001024154799908,avgstatset__f3
P_4_f3avg,0.000100236427225,avgstatset__f3
D_56_f3avg,8.498305786472927e-05,avgstatset__f3
S_23_lag_diff_f3avg,8.498305786468485e-05,avgstatset__f3
R_27_f3std,8.280400509894648e-05,avgstatset__f3
R_12_lag_diff_f3avg,8.06249523332081e-05,avgstatset__f3
D_50_f3std,8.06249523331859e-05,avgstatset__f3
D_50_lag_diff_f3avg,7.844589956742531e-05,avgstatset__f3
D_112_f3avg,7.408779403590415e-05,avgstatset__f3
D_141_lag_diff_f3avg,7.408779403590415e-05,avgstatset__f3
D_121_f3std,6.972968850440519e-05,avgstatset__f3
S_24_f3avg,6.75506357386002e-05,avgstatset__f3
D_131_f3avg,6.537158297288403e-05,avgstatset__f3
D_51_lag_diff_f3avg,6.537158297283962e-05,avgstatset__f3
B_16_f3avg,6.319253020707905e-05,avgstatset__f3
B_6_f3std,6.101347744131846e-05,avgstatset__f3
S_5_std_lag_diff_f3avg,5.883442467558009e-05,avgstatset__f3
B_37_lag_diff_f3avg,5.883442467555788e-05,avgstatset__f3
B_15_f3avg,5.665537190981951e-05,avgstatset__f3
S_5_f3std,5.66553719097973e-05,avgstatset__f3
P_3_lag_diff_f3avg,5.66553719097973e-05,avgstatset__f3
D_81_lag_diff_f3avg,5.447631914405893e-05,avgstatset__f3
D_54_f3avg,5.447631914403672e-05,avgstatset__f3
S_26_f3avg,5.447631914403672e-05,avgstatset__f3
B_21_lag_diff_f3avg,5.447631914403672e-05,avgstatset__f3
D_61_cen_f3avg,5.447631914401452e-05,avgstatset__f3
D_91_f3avg,5.2297266378276144e-05,avgstatset__f3
D_70_f3avg,5.2297266378276144e-05,avgstatset__f3
B_15_f3std,5.229726637825394e-05,avgstatset__f3
D_119_f3avg,5.011821361253776e-05,avgstatset__f3
D_133_f3std,5.011821361249336e-05,avgstatset__f3
D_80_f3avg,5.011821361249336e-05,avgstatset__f3
B_18_lag_diff_f3avg,4.793916084673277e-05,avgstatset__f3
S_16_lag_diff_f3avg,4.793916084673277e-05,avgstatset__f3
R_27_lag_diff_f3avg,4.793916084673277e-05,avgstatset__f3
B_13_lag_diff_f3avg,4.5760108081016605e-05,avgstatset__f3
D_74_f3std,4.358105531523382e-05,avgstatset__f3
S_13_f3avg,4.358105531523382e-05,avgstatset__f3
D_130_f3avg,4.3581055315211614e-05,avgstatset__f3
D_102_lag_diff_f3avg,4.3581055315211614e-05,avgstatset__f3
B_13_f3avg,4.358105531518941e-05,avgstatset__f3
P_2_f6avg,0.0088556704400597,avgstatset__f6
P_2_lag_diff_f6avg,0.0020330562304566,avgstatset__f6
B_3_lag_diff_f6avg,0.0013575498730702,avgstatset__f6
D_39_lag_diff_f6avg,0.0013488336620071,avgstatset__f6
B_4_lag_diff_f6avg,0.0012660296569081,avgstatset__f6
D_44_f6avg,0.0011134959633047,avgstatset__f6
D_41_lag_diff_f6avg,0.0010524824858634,avgstatset__f6
S_3_f6avg,0.0010459453275661,avgstatset__f6
R_3_f6avg,0.0010415872220346,avgstatset__f6
B_4_f6avg,0.0010306919582058,avgstatset__f6
D_48_f6avg,0.0009566041641698,avgstatset__f6
D_45_f6avg,0.0009566041641698,avgstatset__f6
D_79_lag_diff_f6avg,0.0009326345837465,avgstatset__f6
D_51_f6avg,0.0009326345837464,avgstatset__f6
R_1_lag_diff_f6avg,0.0008846954228997,avgstatset__f6
R_27_f6avg,0.0008563677369448,avgstatset__f6
B_9_f6avg,0.000854188684179,avgstatset__f6
B_8_f6avg,0.000854188684179,avgstatset__f6
D_43_f6avg,0.0008106076288637,avgstatset__f6
D_44_lag_diff_f6avg,0.0008106076288637,avgstatset__f6
D_50_f6avg,0.0007474150986566,avgstatset__f6
B_7_f6avg,0.0006689691990892,avgstatset__f6
R_1_f6avg,0.0006362834076027,avgstatset__f6
R_3_lag_diff_f6avg,0.0006232090910081,avgstatset__f6
B_22_f6avg,0.0005992395105848,avgstatset__f6
D_48_lag_diff_f6avg,0.0005752699301614,avgstatset__f6
B_3_f6avg,0.0005730908773956,avgstatset__f6
D_56_cen_f6avg,0.0005316888748461,avgstatset__f6
B_9_lag_diff_f6avg,0.0005055402416569,avgstatset__f6
D_46_f6avg,0.0005011821361254,avgstatset__f6
S_15_f6avg,0.0004663172918732,avgstatset__f6
S_26_f6avg,0.0004532429752786,avgstatset__f6
D_59_Q50cen_lag_diff_f6avg,0.000422736236558,avgstatset__f6
P_3_f6avg,0.0004074828671976,avgstatset__f6
B_14_lag_diff_f6avg,0.0003813342340085,avgstatset__f6
D_121_f6avg,0.000376976128477,avgstatset__f6
B_37_lag_diff_f6avg,0.0003747970757112,avgstatset__f6
B_11_f6avg,0.0003726180229454,avgstatset__f6
D_52_f6avg,0.0003639018118824,avgstatset__f6
D_43_lag_diff_f6avg,0.0003617227591166,avgstatset__f6
D_47_f6avg,0.0003508274952878,avgstatset__f6
D_55_cen_lag_diff_f6avg,0.0003464693897563,avgstatset__f6
B_15_f6avg,0.0003377531786932,avgstatset__f6
B_5_lag_diff_f6avg,0.0003312160203959,avgstatset__f6
D_61_f6avg,0.0003268579148644,avgstatset__f6
D_62_f6avg,0.0003246788620987,avgstatset__f6
D_39_f6avg,0.0003224998093329,avgstatset__f6
B_1_lag_diff_f6avg,0.0003224998093329,avgstatset__f6
D_144_lag_diff_f6avg,0.0003072464399725,avgstatset__f6
B_2_f6avg,0.0002898140178464,avgstatset__f6
B_23_f6avg,0.0002854559123149,avgstatset__f6
D_112_lag_diff_f6avg,0.0002789187540176,avgstatset__f6
S_7_cen_f6avg,0.0002745606484861,avgstatset__f6
S_8_f6avg,0.0002680234901888,avgstatset__f6
B_1_f6avg,0.0002658444374231,avgstatset__f6
D_56_f6avg,0.0002593072791258,avgstatset__f6
S_26_f6std,0.0002593072791258,avgstatset__f6
D_77_f6avg,0.0002375167514681,avgstatset__f6
S_9_std_f6avg,0.0002309795931708,avgstatset__f6
D_124_f6avg,0.0002157262238105,avgstatset__f6
B_37_f6avg,0.000211368118279,avgstatset__f6
D_50_lag_diff_f6avg,0.0002048309599817,avgstatset__f6
S_11_f6avg,0.0002004728544501,avgstatset__f6
B_18_f6avg,0.0001982938016844,avgstatset__f6
S_7_f6avg,0.0001982938016844,avgstatset__f6
B_16_lag_diff_f6avg,0.0001982938016844,avgstatset__f6
B_20_lag_diff_f6avg,0.0001982938016844,avgstatset__f6
B_17_f6avg,0.0001895775906213,avgstatset__f6
B_5_f6avg,0.0001873985378556,avgstatset__f6
B_11_lag_diff_f6avg,0.0001852194850898,avgstatset__f6
B_33_f6avg,0.0001765032740268,avgstatset__f6
S_22_f6avg,0.0001765032740268,avgstatset__f6
S_24_f6avg,0.0001721451684953,avgstatset__f6
D_61_cen_f6avg,0.0001677870629637,avgstatset__f6
R_3_f6std,0.000165608010198,avgstatset__f6
S_25_lag_diff_f6avg,0.0001612499046664,avgstatset__f6
D_128_f6avg,0.0001590708519007,avgstatset__f6
D_78_lag_diff_f6avg,0.0001590708519007,avgstatset__f6
S_12_f6avg,0.0001590708519007,avgstatset__f6
S_7_lag_diff_f6avg,0.0001568917991349,avgstatset__f6
D_145_f6avg,0.0001547127463692,avgstatset__f6
B_12_f6avg,0.0001547127463692,avgstatset__f6
S_9_f6avg,0.0001525336936034,avgstatset__f6
P_4_f6avg,0.0001503546408376,avgstatset__f6
S_3_lag_diff_f6avg,0.0001416384297746,avgstatset__f6
D_43_f6std,0.0001416384297746,avgstatset__f6
B_28_lag_diff_f6avg,0.0001372803242431,avgstatset__f6
D_60_f6avg,0.0001351012714773,avgstatset__f6
S_12_lag_diff_f6avg,0.0001329222187115,avgstatset__f6
D_131_lag_diff_f6avg,0.0001307431659458,avgstatset__f6
P_3_f6std,0.00012856411318,avgstatset__f6
B_14_f6avg,0.0001263850604143,avgstatset__f6
S_23_lag_diff_f6avg,0.0001263850604142,avgstatset__f6
R_1_f6std,0.0001242060076485,avgstatset__f6
D_74_lag_diff_f6avg,0.000119847902117,avgstatset__f6
D_79_f6avg,0.0001176688493512,avgstatset__f6
D_122_f6avg,0.0001154897965854,avgstatset__f6
D_47_lag_diff_f6avg,0.0001133107438197,avgstatset__f6
B_10_f6avg,0.0001133107438197,avgstatset__f6
P_2_f-3avg,0.0120915637972172,avgstatset__f-3
D_43_f-3avg,0.0012333438654216,avgstatset__f-3
D_44_f-3avg,0.0010655568024579,avgstatset__f-3
B_4_f-3avg,0.000991469008422,avgstatset__f-3
D_50_f-3avg,0.0009260974254491,avgstatset__f-3
B_3_f-3avg,0.0009021278450257,avgstatset__f-3
D_45_f-3avg,0.0008977697394942,avgstatset__f-3
B_2_f-3avg,0.0007386988875935,avgstatset__f-3
D_47_f-3avg,0.0007103712016386,avgstatset__f-3
D_48_f-3avg,0.0006994759378098,avgstatset__f-3
R_1_f-3avg,0.0006864016212152,avgstatset__f-3
R_27_f-3avg,0.0006711482518548,avgstatset__f-3
B_9_f-3avg,0.000668969199089,avgstatset__f-3
B_5_f-3avg,0.0006341043548369,avgstatset__f-3
D_51_f-3avg,0.0006341043548369,avgstatset__f-3
B_1_f-3avg,0.0005665537190982,avgstatset__f-3
D_79_f-3avg,0.0005447631914406,avgstatset__f-3
S_3_f-3avg,0.0005251517165488,avgstatset__f-3
R_3_f-3avg,0.000494644977828,avgstatset__f-3
S_26_f-3avg,0.0004467058169813,avgstatset__f-3
D_39_f-3avg,0.0004161990782606,avgstatset__f-3
D_121_f-3avg,0.0004140200254948,avgstatset__f-3
S_11_f-3avg,0.0003835132867742,avgstatset__f-3
D_62_f-3avg,0.0003442903369904,avgstatset__f-3
D_46_f-3avg,0.0003333950731616,avgstatset__f-3
D_50_lag_diff_f-3avg,0.0002985302289094,avgstatset__f-3
B_11_f-3avg,0.0002876349650806,avgstatset__f-3
D_60_cen_f-3avg,0.0002636653846572,avgstatset__f-3
D_133_f-3avg,0.0002614863318915,avgstatset__f-3
S_9_std_f-3avg,0.0002549491735941,avgstatset__f-3
S_7_cen_f-3avg,0.0002527701208284,avgstatset__f-3
D_77_f-3avg,0.0002396958042338,avgstatset__f-3
S_7_f-3avg,0.0002244424348735,avgstatset__f-3
D_44_lag_diff_f-3avg,0.0002222633821077,avgstatset__f-3
S_9_f-3avg,0.0002179052765762,avgstatset__f-3
P_3_f-3avg,0.0002179052765762,avgstatset__f-3
D_59_f-3avg,0.0002157262238104,avgstatset__f-3
D_58_f-3std,0.0002157262238104,avgstatset__f-3
D_39_lag_diff_f-3avg,0.0002070100127474,avgstatset__f-3
B_8_f-3avg,0.0001982938016843,avgstatset__f-3
B_22_f-3avg,0.0001961147489185,avgstatset__f-3
B_15_f-3avg,0.000191756643387,avgstatset__f-3
B_3_lag_diff_f-3avg,0.0001895775906213,avgstatset__f-3
D_60_f-3avg,0.0001895775906213,avgstatset__f-3
D_48_lag_diff_f-3avg,0.0001852194850898,avgstatset__f-3
D_58_f-3avg,0.0001786823267925,avgstatset__f-3
R_2_f-3avg,0.0001721451684951,avgstatset__f-3
D_56_cen_f-3avg,0.0001656080101979,avgstatset__f-3
B_19_f-3avg,0.0001634289574321,avgstatset__f-3
D_52_f-3avg,0.0001634289574321,avgstatset__f-3
B_37_f-3avg,0.0001634289574321,avgstatset__f-3
B_4_lag_diff_f-3avg,0.0001568917991348,avgstatset__f-3
D_91_f-3avg,0.0001503546408375,avgstatset__f-3
D_124_f-3avg,0.000145996535306,avgstatset__f-3
S_13_f-3std,0.000145996535306,avgstatset__f-3
S_3_f-3std,0.0001394593770087,avgstatset__f-3
B_5_f-3std,0.0001351012714772,avgstatset__f-3
D_50_f-3std,0.0001329222187115,avgstatset__f-3
D_59_f-3std,0.0001307431659457,avgstatset__f-3
P_4_f-3avg,0.0001307431659457,avgstatset__f-3
B_9_lag_diff_f-3avg,0.0001307431659457,avgstatset__f-3
D_46_lag_diff_f-3avg,0.0001307431659457,avgstatset__f-3
S_9_f-3std,0.0001285641131799,avgstatset__f-3
D_119_f-3avg,0.0001242060076484,avgstatset__f-3
D_55_cen_f-3std,0.0001242060076484,avgstatset__f-3
R_11_f-3avg,0.0001220269548827,avgstatset__f-3
R_1_lag_diff_f-3avg,0.0001220269548827,avgstatset__f-3
S_27_f-3avg,0.0001176688493511,avgstatset__f-3
B_6_f-3avg,0.0001154897965853,avgstatset__f-3
B_13_f-3avg,0.0001154897965853,avgstatset__f-3
S_11_std_f-3avg,0.0001133107438196,avgstatset__f-3
D_131_f-3avg,0.0001133107438196,avgstatset__f-3
D_59_Q50cen_lag_diff_f-3avg,0.0001111316910538,avgstatset__f-3
S_22_f-3avg,0.0001089526382881,avgstatset__f-3
B_28_f-3avg,0.000108952638288,avgstatset__f-3
B_40_f-3std,0.0001045945327565,avgstatset__f-3
R_11_f-3std,0.0001024154799908,avgstatset__f-3
S_8_std_lag_diff_f-3avg,0.0001024154799908,avgstatset__f-3
S_23_lag_diff_f-3avg,0.000100236427225,avgstatset__f-3
D_71_f-3avg,0.000100236427225,avgstatset__f-3
D_145_f-3avg,0.000100236427225,avgstatset__f-3
B_40_f-3avg,0.000100236427225,avgstatset__f-3
S_7_cen_f-3std,9.805737445931496e-05,avgstatset__f-3
D_129_f-3avg,9.587832169353216e-05,avgstatset__f-3
S_5_f-3std,9.369926892777158e-05,avgstatset__f-3
D_60_f-3std,9.15202161620332e-05,avgstatset__f-3
D_105_f-3avg,9.1520216162011e-05,avgstatset__f-3
B_19_lag_diff_f-3avg,9.15202161619888e-05,avgstatset__f-3
D_59_lag_diff_f-3avg,8.934116339625043e-05,avgstatset__f-3
B_12_f-3avg,8.934116339625043e-05,avgstatset__f-3
S_11_std_f-3std,8.934116339625043e-05,avgstatset__f-3
S_12_f-3avg,8.716211063051205e-05,avgstatset__f-3
D_60_cen_f-3std,8.716211063048984e-05,avgstatset__f-3
D_55_cen_f-3avg,8.716211063048984e-05,avgstatset__f-3
D_48_f-3std,8.280400509894648e-05,avgstatset__f-3
D_144_f-3std,8.062495233323031e-05,avgstatset__f-3
S_12_lag_diff_f-3avg,8.06249523332081e-05,avgstatset__f-3
D_55_f-3avg,7.844589956744752e-05,avgstatset__f-3
S_25_f-3avg,7.844589956742531e-05,avgstatset__f-3
P_2_f-6avg,0.0108298922458407,avgstatset__f-6
D_44_f-6avg,0.0012355229181874,avgstatset__f-6
B_4_f-6avg,0.0011810465990434,avgstatset__f-6
D_43_f-6avg,0.0010873473301156,avgstatset__f-6
D_50_f-6avg,0.0009958271139535,avgstatset__f-6
R_1_f-6avg,0.0009674994279986,avgstatset__f-6
D_39_lag_diff_f-6avg,0.000917381214386,avgstatset__f-6
B_3_f-6avg,0.0007735637318457,avgstatset__f-6
B_2_f-6avg,0.0007299826765305,avgstatset__f-6
B_4_lag_diff_f-6avg,0.0007147293071701,avgstatset__f-6
D_48_f-6avg,0.0006798644629179,avgstatset__f-6
D_45_f-6avg,0.0006558948824945,avgstatset__f-6
B_9_f-6avg,0.0005948814050532,avgstatset__f-6
S_3_f-6avg,0.0005186145582515,avgstatset__f-6
B_22_f-6avg,0.0005186145582515,avgstatset__f-6
B_7_f-6avg,0.00051425645272,avgstatset__f-6
B_1_f-6avg,0.0004619591863417,avgstatset__f-6
D_51_f-6avg,0.0004597801335759,avgstatset__f-6
D_46_f-6avg,0.0004053038144318,avgstatset__f-6
R_1_lag_diff_f-6avg,0.000394408550603,avgstatset__f-6
B_5_f-6avg,0.0003769761284769,avgstatset__f-6
B_11_f-6avg,0.0003704389701796,avgstatset__f-6
S_9_f-6avg,0.0003595437063508,avgstatset__f-6
D_79_f-6avg,0.0003551856008193,avgstatset__f-6
S_26_f-6avg,0.0003464693897562,avgstatset__f-6
B_23_f-6avg,0.0003377531786932,avgstatset__f-6
B_8_f-6avg,0.0003355741259274,avgstatset__f-6
D_121_f-6avg,0.0003333950731617,avgstatset__f-6
D_43_f-6std,0.0003268579148643,avgstatset__f-6
S_26_f-6std,0.0003094254927383,avgstatset__f-6
S_7_cen_f-6avg,0.0002832768595491,avgstatset__f-6
B_3_lag_diff_f-6avg,0.0002723815957203,avgstatset__f-6
D_47_f-6avg,0.0002702025429546,avgstatset__f-6
S_7_f-6avg,0.0002505910680627,avgstatset__f-6
D_39_f-6std,0.0002462329625312,avgstatset__f-6
R_3_f-6avg,0.0002353376987023,avgstatset__f-6
P_2_lag_diff_f-6avg,0.0002309795931708,avgstatset__f-6
R_11_f-6avg,0.0002288005404051,avgstatset__f-6
D_56_cen_f-6avg,0.000220084329342,avgstatset__f-6
R_27_f-6avg,0.0002113681182789,avgstatset__f-6
D_62_f-6avg,0.0002113681182789,avgstatset__f-6
D_48_lag_diff_f-6avg,0.0002091890655132,avgstatset__f-6
D_61_cen_f-6avg,0.0002070100127474,avgstatset__f-6
P_3_f-6avg,0.0002070100127474,avgstatset__f-6
B_11_lag_diff_f-6avg,0.0002048309599817,avgstatset__f-6
B_1_lag_diff_f-6avg,0.0001982938016844,avgstatset__f-6
B_4_f-6std,0.0001939356961528,avgstatset__f-6
B_21_f-6avg,0.0001917566433871,avgstatset__f-6
S_25_f-6std,0.0001895775906213,avgstatset__f-6
S_11_f-6avg,0.0001852194850898,avgstatset__f-6
D_144_f-6std,0.0001852194850898,avgstatset__f-6
B_19_f-6avg,0.0001786823267925,avgstatset__f-6
D_41_f-6avg,0.0001786823267925,avgstatset__f-6
D_41_f-6std,0.0001699661157295,avgstatset__f-6
S_12_f-6std,0.0001699661157295,avgstatset__f-6
D_77_f-6avg,0.0001699661157294,avgstatset__f-6
D_52_f-6avg,0.0001677870629637,avgstatset__f-6
S_6_f-6avg,0.0001612499046664,avgstatset__f-6
S_22_lag_diff_f-6avg,0.0001612499046664,avgstatset__f-6
B_13_f-6avg,0.0001612499046664,avgstatset__f-6
D_112_f-6avg,0.0001568917991349,avgstatset__f-6
D_59_Q50cen_f-6avg,0.0001568917991349,avgstatset__f-6
B_3_f-6std,0.0001525336936034,avgstatset__f-6
S_8_f-6avg,0.0001525336936033,avgstatset__f-6
B_10_f-6avg,0.0001459965353061,avgstatset__f-6
S_7_cen_lag_diff_f-6avg,0.0001459965353061,avgstatset__f-6
S_15_f-6avg,0.0001438174825403,avgstatset__f-6
D_145_f-6avg,0.0001416384297745,avgstatset__f-6
B_37_f-6avg,0.0001394593770088,avgstatset__f-6
D_41_lag_diff_f-6avg,0.0001394593770088,avgstatset__f-6
S_24_lag_diff_f-6avg,0.000137280324243,avgstatset__f-6
B_28_lag_diff_f-6avg,0.0001351012714773,avgstatset__f-6
B_5_f-6std,0.0001351012714773,avgstatset__f-6
D_122_f-6avg,0.0001351012714772,avgstatset__f-6
B_37_lag_diff_f-6avg,0.0001307431659457,avgstatset__f-6
S_9_std_f-6avg,0.0001285641131799,avgstatset__f-6
B_15_f-6std,0.0001285641131799,avgstatset__f-6
S_16_f-6std,0.0001242060076484,avgstatset__f-6
B_24_f-6std,0.0001220269548827,avgstatset__f-6
B_15_f-6avg,0.0001220269548827,avgstatset__f-6
D_61_f-6avg,0.0001154897965854,avgstatset__f-6
D_131_f-6avg,0.0001154897965854,avgstatset__f-6
S_3_f-6std,0.0001154897965854,avgstatset__f-6
D_65_f-6avg,0.0001111316910539,avgstatset__f-6
D_143_f-6avg,0.0001067735855224,avgstatset__f-6
D_39_f-6avg,0.0001067735855223,avgstatset__f-6
D_130_f-6avg,0.0001045945327566,avgstatset__f-6
D_70_f-6avg,0.0001045945327566,avgstatset__f-6
D_56_cen_f-6std,0.0001024154799908,avgstatset__f-6
D_59_f-6std,0.0001024154799908,avgstatset__f-6
S_24_f-6std,0.0001002364272251,avgstatset__f-6
R_3_f-6std,0.000100236427225,avgstatset__f-6
R_2_f-6avg,9.805737445933715e-05,avgstatset__f-6
S_16_f-6avg,9.15202161620554e-05,avgstatset__f-6
B_17_f-6std,9.15202161620332e-05,avgstatset__f-6
R_2_lag_diff_f-6avg,9.15202161620332e-05,avgstatset__f-6
S_7_f-6std,8.934116339629484e-05,avgstatset__f-6
D_91_lag_diff_f-6avg,8.934116339629484e-05,avgstatset__f-6
B_9_lag_diff_f-6avg,8.934116339629484e-05,avgstatset__f-6
B_3_slope,0.0022923635095823,slopeset__slope
D_44_slope,0.002194306135123,slopeset__slope
B_5_slope,0.0018935968534477,slopeset__slope
B_4_slope,0.0017890023206911,slopeset__slope
D_39_slope,0.001505725461142,slopeset__slope
S_3_slope,0.0013335802926467,slopeset__slope
R_1_slope,0.0013008945011603,slopeset__slope
D_62_slope,0.0010437662748003,slopeset__slope
D_65_slope,0.000954425111404,slopeset__slope
D_55_slope,0.000825860998224,slopeset__slope
D_43_slope,0.0007713846790799,slopeset__slope
D_41_slope,0.0007670265735484,slopeset__slope
B_9_slope,0.0007147293071701,slopeset__slope
B_17_slope,0.0006842225684494,slopeset__slope
B_6_slope,0.0006733273046206,slopeset__slope
B_12_slope,0.0006449996186657,slopeset__slope
PCA_8,0.0528986849416559,PCAset_PCA
PCA_6,0.0263185993048822,PCAset_PCA
B_17_na_mean,0.0209145484457906,NAset__na
D_53_na_mean,0.0149984201867448,NAset__na
D_77_na_mean,0.0089885926587712,NAset__na
D_43_na_mean,0.0079535425950339,NAset__na
D_56_na_mean,0.0057897431986315,NAset__na
D_42_na_mean,0.005408408964623,NAset__na
D_50_na_mean,0.0046958587102186,NAset__na
R_26_na_mean,0.0043733589008858,NAset__na
D_48_na_mean,0.0038743558175261,NAset__na
S_3_na_mean,0.0037327173877515,NAset__na
D_62_na_mean,0.0033949642090583,NAset__na
R_9_na_mean,0.0027107416406088,NAset__na
B_38_last_WoE,0.0243988538182451,cat_WoE_baseset_WoE
B_38_mean_WoE,0.0222394125273743,cat_WoE_baseset_WoE
B_30_mean_WoE,0.0079775121754572,cat_WoE_baseset_WoE
B_30_last_WoE,0.0032838325180043,cat_WoE_baseset_WoE
D_120_last_WoE,0.0026649815325277,cat_WoE_baseset_WoE
B_38_std_WoE,0.0025625660525369,cat_WoE_baseset_WoE
B_38_first_WoE,0.0021768737129969,cat_WoE_baseset_WoE
D_120_mean_WoE,0.0016909449462318,cat_WoE_baseset_WoE
B_38_last_WoEonlylast,0.0276979397056099,cat__WoEonlylast_baseset_WoE
B_38_mean_WoEonlylast,0.0248629920573526,cat__WoEonlylast_baseset_WoE
B_38_first_WoEonlylast,0.0103287101097153,cat__WoEonlylast_baseset_WoE
B_30_first_WoEonlylast,0.0062168375407209,cat__WoEonlylast_baseset_WoE
D_120_mean_WoEonlylast,0.0033274135733196,cat__WoEonlylast_baseset_WoE
D_114_first_WoEonlylast,0.0019197454866369,cat__WoEonlylast_baseset_WoE
B_30_mean_WoEonlylast,0.0013662660841331,cat__WoEonlylast_baseset_WoE
D_117_first_WoEonlylast,0.0013597289258359,cat__WoEonlylast_baseset_WoE
P_2_min,0.020075613130972,baseset_withdroped_min
B_2_min,0.0070318032751163,baseset_withdroped_min
B_18_min,0.0068008236819455,baseset_withdroped_min
D_42_min,0.0029155726005905,baseset_withdroped_min
P_3_min,0.0021725156074654,baseset_withdroped_min
D_46_min,0.0021420088687448,baseset_withdroped_min
D_54_min,0.001919745486637,baseset_withdroped_min
D_112_min,0.0016865868407003,baseset_withdroped_min
B_17_min,0.0013880566117909,baseset_withdroped_min
D_43_min,0.0012921782900973,baseset_withdroped_min
R_7_cen_min,0.0012899992373315,baseset_withdroped_min
B_6_min,0.0012093742849983,baseset_withdroped_min
S_25_min,0.00115707701862,baseset_withdroped_min
B_16_min,0.0010786311190525,baseset_withdroped_min
B_5_min,0.0010459453275661,baseset_withdroped_min
B_4_min,0.0009762156390617,baseset_withdroped_min
D_121_min,0.0009064859505573,baseset_withdroped_min
D_50_min,0.0008803373173681,baseset_withdroped_min
S_3_min,0.0008738001590709,baseset_withdroped_min
B_10_min,0.0006515367769631,baseset_withdroped_min
B_8_min,0.000560016560801,baseset_withdroped_min
R_3_min,0.0005534794025037,baseset_withdroped_min
S_12_min,0.0005098983471885,baseset_withdroped_min
D_53_min,0.0004968240305939,baseset_withdroped_min
S_8_min,0.0004859287667651,baseset_withdroped_min
D_48_min,0.0004837497139993,baseset_withdroped_min
B_12_min,0.0004837497139993,baseset_withdroped_min
B_28_min,0.0004772125557021,baseset_withdroped_min
D_44_min,0.0004619591863417,baseset_withdroped_min
B_37_min,0.0004074828671976,baseset_withdroped_min
D_91_min,0.000394408550603,baseset_withdroped_min
S_9_std_min,0.0003682599174139,baseset_withdroped_min
D_49_min,0.0003617227591166,baseset_withdroped_min
D_123_min,0.0003530065480536,baseset_withdroped_min
S_13_min,0.0003377531786932,baseset_withdroped_min
D_59_Q50cen_min,0.0003203207565671,baseset_withdroped_min
D_82_min,0.0003181417038014,baseset_withdroped_min
D_71_min,0.0003181417038014,baseset_withdroped_min
B_3_max,0.0048832572480742,baseset_withdroped_max
P_2_max,0.0045760108081017,baseset_withdroped_max
D_39_max,0.0044409095366244,baseset_withdroped_max
B_5_max,0.0044191190089668,baseset_withdroped_max
B_4_max,0.0039789503502827,baseset_withdroped_max
D_46_max,0.0029591536559057,baseset_withdroped_max
D_42_max,0.0024100323589335,baseset_withdroped_max
D_50_max,0.0015209788305023,baseset_withdroped_max
B_16_max,0.0012442391292505,baseset_withdroped_max
D_48_max,0.0011527189130884,baseset_withdroped_max
R_3_max,0.0010938844884128,baseset_withdroped_max
B_7_max,0.0010197966943769,baseset_withdroped_max
D_47_max,0.0009348136365121,baseset_withdroped_max
D_65_max,0.0009173812143861,baseset_withdroped_max
R_1_max,0.0008868744756654,baseset_withdroped_max
D_44_max,0.000871621106305,baseset_withdroped_max
B_20_max,0.000854188684179,baseset_withdroped_max
B_11_max,0.0008236819454582,baseset_withdroped_max
D_41_max,0.0007670265735484,baseset_withdroped_max
B_22_max,0.0007408779403593,baseset_withdroped_max
B_2_max,0.0007299826765305,baseset_withdroped_max
D_45_max,0.0007212664654674,baseset_withdroped_max
D_121_max,0.0006210300382423,baseset_withdroped_max
S_26_max,0.0006123138271793,baseset_withdroped_max
D_55_cen_max,0.0005796280356928,baseset_withdroped_max
D_43_max,0.0005774489829271,baseset_withdroped_max
D_53_max,0.0005404050859091,baseset_withdroped_max
B_17_max,0.0005251517165488,baseset_withdroped_max
S_3_max,0.0005120773999542,baseset_withdroped_max
R_10_max,0.0005011821361254,baseset_withdroped_max
B_6_max,0.0004118409727291,baseset_withdroped_max
D_61_cen_max,0.0003878713923058,baseset_withdroped_max
B_12_max,0.0003813342340084,baseset_withdroped_max
D_51_max,0.0003769761284769,baseset_withdroped_max
P_3_max,0.0003595437063508,baseset_withdroped_max
B_26_max,0.0003530065480535,baseset_withdroped_max
R_2_max,0.0003421112842247,baseset_withdroped_max
D_123_max,0.0003399322314589,baseset_withdroped_max
B_30_Woeslope,0.0681912772517785,Woe_slopeset_slope
B_38_Woeslope,0.0214767440593573,Woe_slopeset_slope
B_38_last,0.0730157000751773,cat_stat__
B_30_last,0.0110151117309305,cat_stat__
B_30_nunique,0.0084721571532854,cat_stat__
D_120_last,0.007410958456359,cat_stat__
D_42_lagmean,0.0027238159572034,baseset_withdroped_lagmean
D_44_lagmean,0.0024492553087173,baseset_withdroped_lagmean
B_17_lagmean,0.0022182757155464,baseset_withdroped_lagmean
B_4_lagmean,0.0022052013989519,baseset_withdroped_lagmean
D_39_lagmean,0.0018718063257902,baseset_withdroped_lagmean
B_3_lagmean,0.0017410631598444,baseset_withdroped_lagmean
D_50_lagmean,0.0016037828356014,baseset_withdroped_lagmean
R_1_lagmean,0.0014163842977457,baseset_withdroped_lagmean
B_9_lagmean,0.0011919418628722,baseset_withdroped_lagmean
D_127_lagmean,0.0011243912271335,baseset_withdroped_lagmean
D_53_lagmean,0.0009958271139536,baseset_withdroped_lagmean
S_26_lagmean,0.0009544251114041,baseset_withdroped_lagmean
B_6_lagmean,0.0009435298475753,baseset_withdroped_lagmean
B_16_lagmean,0.0008759792118366,baseset_withdroped_lagmean
D_65_lagmean,0.0008215028926925,baseset_withdroped_lagmean
B_10_lagmean,0.0007888171012061,baseset_withdroped_lagmean
B_5_lagmean,0.0007779218373773,baseset_withdroped_lagmean
D_59_Q50cen_lagmean,0.0007343407820621,baseset_withdroped_lagmean
S_23_lagmean,0.0007081921488729,baseset_withdroped_lagmean
P_2_lagmean,0.0006602529880261,baseset_withdroped_lagmean
S_3_lagmean,0.0006515367769631,baseset_withdroped_lagmean
R_27_lagmean,0.0005839861412244,baseset_withdroped_lagmean
S_9_std_lagmean,0.0005818070884586,baseset_withdroped_lagmean
D_56_lagmean,0.0005709118246298,baseset_withdroped_lagmean
D_144_lagmean,0.0005556584552695,baseset_withdroped_lagmean
D_55_cen_lagmean,0.0005338679276118,baseset_withdroped_lagmean
S_25_lagmean,0.000522972663783,baseset_withdroped_lagmean
D_41_lagmean,0.0005077192944227,baseset_withdroped_lagmean
R_10_lagmean,0.0004597801335759,baseset_withdroped_lagmean
B_2_lagmean,0.0004488848697471,baseset_withdroped_lagmean
B_14_lagmean,0.0004445267642156,baseset_withdroped_lagmean
D_43_lagmean,0.0004183781310264,baseset_withdroped_lagmean
D_106_lagmean,0.0004096619199634,baseset_withdroped_lagmean
D_51_lagmean,0.0003965876033688,baseset_withdroped_lagmean
S_15_lagmean,0.0003813342340085,baseset_withdroped_lagmean
B_37_lagmean,0.0003813342340085,baseset_withdroped_lagmean
D_46_lagmean,0.0003595437063508,baseset_withdroped_lagmean
